Player,Player_ID,Player_NFL_Link,Player_NCAA_Link
Drew Bledsoe,BledDr00,http://www.pro-football-reference.com/players/B/BledDr00.htm,http://www.sports-reference.com/cfb/players/drew-bledsoe-1.html
Rick Mirer,MireRi00,http://www.pro-football-reference.com/players/M/MireRi00.htm,http://www.sports-reference.com/cfb/players/rick-mirer-1.html
Garrison Hearst,HearGa00,http://www.pro-football-reference.com/players/H/HearGa00.htm,http://www.sports-reference.com/cfb/players/garrison-hearst-1.html
Marvin Jones,JoneMa23,http://www.pro-football-reference.com/players/J/JoneMa23.htm,http://www.sports-reference.com/cfb/players/marvin-jones-2.html
John Copeland,CopeJo20,http://www.pro-football-reference.com/players/C/CopeJo20.htm,http://www.sports-reference.com/cfb/players/john-copeland-1.html
Eric Curry,CurrEr20,http://www.pro-football-reference.com/players/C/CurrEr20.htm,http://www.sports-reference.com/cfb/players/eric-curry-1.html
Curtis Conway,ConwCu00,http://www.pro-football-reference.com/players/C/ConwCu00.htm,http://www.sports-reference.com/cfb/players/curtis-conway-1.html
Willie Roaf,RoafWi00,http://www.pro-football-reference.com/players/R/RoafWi00.htm,http://www.sports-reference.com/cfb/players/willie-roaf-1.html
Lincoln Kennedy,KennLi00,http://www.pro-football-reference.com/players/K/KennLi00.htm,http://www.sports-reference.com/cfb/players/lincoln-kennedy-1.html
Jerome Bettis,BettJe00,http://www.pro-football-reference.com/players/B/BettJe00.htm,http://www.sports-reference.com/cfb/players/jerome-bettis-1.html
Dan Williams,WillDa20,http://www.pro-football-reference.com/players/W/WillDa20.htm,
Patrick Bates,BatePa20,http://www.pro-football-reference.com/players/B/BatePa20.htm,
Brad Hopkins,HopkBr00,http://www.pro-football-reference.com/players/H/HopkBr00.htm,
Steve Everitt,EverSt20,http://www.pro-football-reference.com/players/E/EverSt20.htm,
Wayne Simmons,SimmWa20,http://www.pro-football-reference.com/players/S/SimmWa20.htm,
Sean Dawkins,DawkSe00,http://www.pro-football-reference.com/players/D/DawkSe00.htm,http://www.sports-reference.com/cfb/players/sean-dawkins-2.html
Tom Carter,CartTo20,http://www.pro-football-reference.com/players/C/CartTo20.htm,
Ernest Dye,DyexEr20,http://www.pro-football-reference.com/players/D/DyexEr20.htm,
Lester Holmes,HolmLe20,http://www.pro-football-reference.com/players/H/HolmLe20.htm,
Irv Smith,SmitIr00,http://www.pro-football-reference.com/players/S/SmitIr00.htm,http://www.sports-reference.com/cfb/players/irv-smith-1.html
Robert Smith,SmitRo00,http://www.pro-football-reference.com/players/S/SmitRo00.htm,http://www.sports-reference.com/cfb/players/robert-smith-6.html
Darrien Gordon,GordDa20,http://www.pro-football-reference.com/players/G/GordDa20.htm,
Deon Figures,FiguDe20,http://www.pro-football-reference.com/players/F/FiguDe20.htm,http://www.sports-reference.com/cfb/players/deon-figures-1.html
Leonard Renfro,RenfLe20,http://www.pro-football-reference.com/players/R/RenfLe20.htm,
O.J. McDuffie,McDuO.00,http://www.pro-football-reference.com/players/M/McDuO.00.htm,http://www.sports-reference.com/cfb/players/oj-mcduffie-1.html
Dana Stubblefield,StubDa00,http://www.pro-football-reference.com/players/S/StubDa00.htm,
Todd Kelly,KellTo20,http://www.pro-football-reference.com/players/K/KellTo20.htm,
Thomas Smith,SmitTh21,http://www.pro-football-reference.com/players/S/SmitTh21.htm,
George Teague,TeagGe20,http://www.pro-football-reference.com/players/T/TeagGe20.htm,
Player,,http://www.pro-football-reference.com,
Carlton Gray,GrayCa20,http://www.pro-football-reference.com/players/G/GrayCa20.htm,http://www.sports-reference.com/cfb/players/carlton-gray-1.html
Chris Slade,SladCh00,http://www.pro-football-reference.com/players/S/SladCh00.htm,http://www.sports-reference.com/cfb/players/chris-slade-1.html
Ben Coleman,ColeBe20,http://www.pro-football-reference.com/players/C/ColeBe20.htm,
Ryan McNeil,McNeRy20,http://www.pro-football-reference.com/players/M/McNeRy20.htm,http://www.sports-reference.com/cfb/players/ryan-mcneil-1.html
Demetrious DuBose,DuBoDe20,http://www.pro-football-reference.com/players/D/DuBoDe20.htm,
Carl Simpson,SimpCa20,http://www.pro-football-reference.com/players/S/SimpCa20.htm,
Coleman Rudolph,RudoCo20,http://www.pro-football-reference.com/players/R/RudoCo20.htm,
Tony McGee,McGeTo00,http://www.pro-football-reference.com/players/M/McGeTo00.htm,http://www.sports-reference.com/cfb/players/tony-mcgee-1.html
Roger Harper,HarpRo20,http://www.pro-football-reference.com/players/H/HarpRo20.htm,
Troy Drayton,DrayTr00,http://www.pro-football-reference.com/players/D/DrayTr00.htm,http://www.sports-reference.com/cfb/players/troy-drayton-1.html
Michael Strahan,StraMi02,http://www.pro-football-reference.com/players/S/StraMi02.htm,
Natrone Means,MeanNa00,http://www.pro-football-reference.com/players/M/MeanNa00.htm,http://www.sports-reference.com/cfb/players/natrone-means-1.html
Dan Footman,FootDa20,http://www.pro-football-reference.com/players/F/FootDa20.htm,
Glyn Milburn,MilbGl00,http://www.pro-football-reference.com/players/M/MilbGl00.htm,http://www.sports-reference.com/cfb/players/glyn-milburn-1.html
Chad Brown,BrowCh04,http://www.pro-football-reference.com/players/B/BrowCh04.htm,
Reggie Brooks,BrooRe00,http://www.pro-football-reference.com/players/B/BrooRe00.htm,http://www.sports-reference.com/cfb/players/reggie-brooks-2.html
Kevin Williams,WillKe00,http://www.pro-football-reference.com/players/W/WillKe00.htm,http://www.sports-reference.com/cfb/players/kevin-williams-4.html
Micheal Barrow,BarrMi20,http://www.pro-football-reference.com/players/B/BarrMi20.htm,http://www.sports-reference.com/cfb/players/micheal-barrow-1.html
Adrian Hardy,HardAd20,http://www.pro-football-reference.com/players/H/HardAd20.htm,
Roosevelt Potts,PottRo00,http://www.pro-football-reference.com/players/P/PottRo00.htm,
Victor Bailey,BailVi00,http://www.pro-football-reference.com/players/B/BailVi00.htm,http://www.sports-reference.com/cfb/players/victor-bailey-1.html
Todd Rucci,RuccTo20,http://www.pro-football-reference.com/players/R/RuccTo20.htm,
Qadry Ismail,IsmaQa00,http://www.pro-football-reference.com/players/I/IsmaQa00.htm,http://www.sports-reference.com/cfb/players/qadry-ismail-1.html
Reggie Freeman,FreeRe20,http://www.pro-football-reference.com/players/F/FreeRe20.htm,
Darrin Smith,SmitDa22,http://www.pro-football-reference.com/players/S/SmitDa22.htm,http://www.sports-reference.com/cfb/players/darrin-smith-2.html
John Parrella,ParrJo20,http://www.pro-football-reference.com/players/P/ParrJo20.htm,
Vincent Brisby,BrisVi00,http://www.pro-football-reference.com/players/B/BrisVi00.htm,
Player,,http://www.pro-football-reference.com,
John Gerak,GeraJo20,http://www.pro-football-reference.com/players/G/GeraJo20.htm,http://www.sports-reference.com/cfb/players/john-gerak-1.html
Billy Joe Hobert,HobeBi00,http://www.pro-football-reference.com/players/H/HobeBi00.htm,http://www.sports-reference.com/cfb/players/billy-joe-hobert-1.html
Steve Tovar,TovaSt20,http://www.pro-football-reference.com/players/T/TovaSt20.htm,
Lamar Thomas,ThomLa00,http://www.pro-football-reference.com/players/T/ThomLa00.htm,http://www.sports-reference.com/cfb/players/lamar-thomas-1.html
Chris Gedney,GednCh00,http://www.pro-football-reference.com/players/G/GednCh00.htm,http://www.sports-reference.com/cfb/players/chris-gedney-1.html
Antonio London,LondAn20,http://www.pro-football-reference.com/players/L/LondAn20.htm,
Ty Parten,PartTy20,http://www.pro-football-reference.com/players/P/PartTy20.htm,
Joe Cocozzo,CocoJo20,http://www.pro-football-reference.com/players/C/CocoJo20.htm,
Ray Buchanan,BuchRa00,http://www.pro-football-reference.com/players/B/BuchRa00.htm,http://www.sports-reference.com/cfb/players/ray-buchanan-1.html
Marcus Buckley,BuckMa20,http://www.pro-football-reference.com/players/B/BuckMa20.htm,http://www.sports-reference.com/cfb/players/marcus-buckley-1.html
Harold Alexander,AlexHa20,http://www.pro-football-reference.com/players/A/AlexHa20.htm,
Mike Compton,CompMi20,http://www.pro-football-reference.com/players/C/CompMi20.htm,http://www.sports-reference.com/cfb/players/mike-compton-1.html
Rondell Jones,JoneRo26,http://www.pro-football-reference.com/players/J/JoneRo26.htm,
Jason Elam,elamxjas01,http://www.pro-football-reference.com/players/E/elamxjas01.htm,http://www.sports-reference.com/cfb/players/jason-elam-1.html
Rick Hamilton,HamiRi20,http://www.pro-football-reference.com/players/H/HamiRi20.htm,
James Trapp,TrapJa20,http://www.pro-football-reference.com/players/T/TrapJa20.htm,
Russell White,WhitRu20,http://www.pro-football-reference.com/players/W/WhitRu20.htm,http://www.sports-reference.com/cfb/players/russell-white-1.html
Will Shields,ShieWi00,http://www.pro-football-reference.com/players/S/ShieWi00.htm,http://www.sports-reference.com/cfb/players/will-shields-1.html
Derrick Frazier,FrazDe20,http://www.pro-football-reference.com/players/F/FrazDe20.htm,
Andre Hastings,HastAn00,http://www.pro-football-reference.com/players/H/HastAn00.htm,http://www.sports-reference.com/cfb/players/andre-hastings-1.html
Mike Reid,ReidMi21,http://www.pro-football-reference.com/players/R/ReidMi21.htm,
Terry Kirby,KirbTe00,http://www.pro-football-reference.com/players/K/KirbTe00.htm,http://www.sports-reference.com/cfb/players/terry-kirby-1.html
Gilbert Brown,BrowGi20,http://www.pro-football-reference.com/players/B/BrowGi20.htm,
Ed Bunn,,http://www.pro-football-reference.com,http://www.sports-reference.com/cfb/players/ed-bunn-1.html
Earl Dotson,DotsEa20,http://www.pro-football-reference.com/players/D/DotsEa20.htm,
John Lynch,LyncJo00,http://www.pro-football-reference.com/players/L/LyncJo00.htm,http://www.sports-reference.com/cfb/players/john-lynch-1.html
Mike Caldwell,CaldMi20,http://www.pro-football-reference.com/players/C/CaldMi20.htm,
Mike Middleton,,http://www.pro-football-reference.com,http://www.sports-reference.com/cfb/players/mike-middleton-1.html
Player,,http://www.pro-football-reference.com,
Dean Wells,WellDe20,http://www.pro-football-reference.com/players/W/WellDe20.htm,
Kevin Johnson,JohnKe28,http://www.pro-football-reference.com/players/J/JohnKe28.htm,
Ronald Moore,MoorRo01,http://www.pro-football-reference.com/players/M/MoorRo01.htm,
David Ware,,http://www.pro-football-reference.com,
Lorenzo Neal,NealLo00,http://www.pro-football-reference.com/players/N/NealLo00.htm,http://www.sports-reference.com/cfb/players/lorenzo-neal-1.html
Marcello Simmons,SimmMa20,http://www.pro-football-reference.com/players/S/SimmMa20.htm,
Rudy Harris,HarrRu20,http://www.pro-football-reference.com/players/H/HarrRu20.htm,http://www.sports-reference.com/cfb/players/rudy-harris-1.html
Derwin Gray,GrayDe20,http://www.pro-football-reference.com/players/G/GrayDe20.htm,
Greg Bishop,BishGr20,http://www.pro-football-reference.com/players/B/BishGr20.htm,
Derrick Lassic,LassDe00,http://www.pro-football-reference.com/players/L/LassDe00.htm,http://www.sports-reference.com/cfb/players/derrick-lassic-1.html
Raylee Johnson,JohnRa22,http://www.pro-football-reference.com/players/J/JohnRa22.htm,
Ron Stone,StonRo00,http://www.pro-football-reference.com/players/S/StonRo00.htm,
Todd Perry,PerrTo20,http://www.pro-football-reference.com/players/P/PerrTo20.htm,
Jeff Robinson,RobiJe00,http://www.pro-football-reference.com/players/R/RobiJe00.htm,
Lewis Bush,BushLe20,http://www.pro-football-reference.com/players/B/BushLe20.htm,
Myron Baker,BakeMy20,http://www.pro-football-reference.com/players/B/BakeMy20.htm,
Sterling Palmer,PalmSt20,http://www.pro-football-reference.com/players/P/PalmSt20.htm,
Travis Hannah,HannTr00,http://www.pro-football-reference.com/players/H/HannTr00.htm,http://www.sports-reference.com/cfb/players/travis-hannah-1.html
Jaime Fields,FielJa20,http://www.pro-football-reference.com/players/F/FielJa20.htm,
Horace Copeland,CopeHo00,http://www.pro-football-reference.com/players/C/CopeHo00.htm,http://www.sports-reference.com/cfb/players/horace-copeland-1.html
Ronnie Bradford,BradRo20,http://www.pro-football-reference.com/players/B/BradRo20.htm,
Ashley Sheppard,ShepAs20,http://www.pro-football-reference.com/players/S/ShepAs20.htm,
Devon McDonald,McDoDe20,http://www.pro-football-reference.com/players/M/McDoDe20.htm,
Kevin Henry,HenrKe20,http://www.pro-football-reference.com/players/H/HenrKe20.htm,
Derek Brown,BrowDe01,http://www.pro-football-reference.com/players/B/BrowDe01.htm,http://www.sports-reference.com/cfb/players/derek-brown-2.html
Corwin Brown,BrowCo21,http://www.pro-football-reference.com/players/B/BrowCo21.htm,
Russell Copeland,CopeRu00,http://www.pro-football-reference.com/players/C/CopeRu00.htm,http://www.sports-reference.com/cfb/players/russell-copeland-1.html
Albert Fontenot,FontAl20,http://www.pro-football-reference.com/players/F/FontAl20.htm,
Player,,http://www.pro-football-reference.com,
Scott Sisson,sissosco01,http://www.pro-football-reference.com/players/S/sissosco01.htm,
Terrence Warren,WarrTe20,http://www.pro-football-reference.com/players/W/WarrTe20.htm,
Fred Baxter,BaxtFr00,http://www.pro-football-reference.com/players/B/BaxtFr00.htm,http://www.sports-reference.com/cfb/players/fred-baxter-1.html
Artie Smith,SmitAr21,http://www.pro-football-reference.com/players/S/SmitAr21.htm,
Forey Duckett,DuckFo20,http://www.pro-football-reference.com/players/D/DuckFo20.htm,
Mark Brunell,BrunMa00,http://www.pro-football-reference.com/players/B/BrunMa00.htm,http://www.sports-reference.com/cfb/players/mark-brunell-1.html
James Willis,WillJa28,http://www.pro-football-reference.com/players/W/WillJa28.htm,
Adrian Murrell,MurrAd00,http://www.pro-football-reference.com/players/M/MurrAd00.htm,http://www.sports-reference.com/cfb/players/adrian-murrell-1.html
Ron George,GeorRo20,http://www.pro-football-reference.com/players/G/GeorRo20.htm,
Sean LaChapelle,LaChSe00,http://www.pro-football-reference.com/players/L/LaChSe00.htm,http://www.sports-reference.com/cfb/players/sean-lachapelle-1.html
Tommy Thigpen,,http://www.pro-football-reference.com,
Herman Arvie,ArviHe20,http://www.pro-football-reference.com/players/A/ArviHe20.htm,
Olanda Truitt,TruiOl00,http://www.pro-football-reference.com/players/T/TruiOl00.htm,http://www.sports-reference.com/cfb/players/olanda-truitt-1.html
Kevin Williams,WillKe23,http://www.pro-football-reference.com/players/W/WillKe23.htm,http://www.sports-reference.com/cfb/players/kevin-williams-3.html
Chuck Belin,BeliCh20,http://www.pro-football-reference.com/players/B/BeliCh20.htm,http://www.sports-reference.com/cfb/players/chuck-belin-1.html
Greg Huntington,HuntGr20,http://www.pro-football-reference.com/players/H/HuntGr20.htm,
Kenny Shedd,ShedKe00,http://www.pro-football-reference.com/players/S/ShedKe00.htm,
Lindsay Knapp,KnapLi20,http://www.pro-football-reference.com/players/K/KnapLi20.htm,
John Henry Mills,MillJo00,http://www.pro-football-reference.com/players/M/MillJo00.htm,http://www.sports-reference.com/cfb/players/john-henry-mills-1.html
Chris Gray,GrayCh20,http://www.pro-football-reference.com/players/G/GrayCh20.htm,http://www.sports-reference.com/cfb/players/chris-gray-1.html
Everett Lindsay,LindEv20,http://www.pro-football-reference.com/players/L/LindEv20.htm,http://www.sports-reference.com/cfb/players/everett-lindsay-1.html
Walter Dunson,,http://www.pro-football-reference.com,
Lonnie Palelei,PaleLo20,http://www.pro-football-reference.com/players/P/PaleLo20.htm,
Mike Devlin,DevlMi20,http://www.pro-football-reference.com/players/D/DevlMi20.htm,
Tyrone Hughes,HughTy00,http://www.pro-football-reference.com/players/H/HughTy00.htm,http://www.sports-reference.com/cfb/players/tyrone-hughes-1.html
Rich Griffith,GrifRi00,http://www.pro-football-reference.com/players/G/GrifRi00.htm,http://www.sports-reference.com/cfb/players/richard-griffith-1.html
Sebastian Savage,SavaSe20,http://www.pro-football-reference.com/players/S/SavaSe20.htm,
Marc Woodard,WoodMa21,http://www.pro-football-reference.com/players/W/WoodMa21.htm,
Player,,http://www.pro-football-reference.com,
Doug Evans,EvanDo21,http://www.pro-football-reference.com/players/E/EvanDo21.htm,
Lawrence Hatch,,http://www.pro-football-reference.com,http://www.sports-reference.com/cfb/players/lawrence-hatch-1.html
Brett Wallerstedt,WallBr20,http://www.pro-football-reference.com/players/W/WallBr20.htm,
Richie Anderson,AndeRi00,http://www.pro-football-reference.com/players/A/AndeRi00.htm,http://www.sports-reference.com/cfb/players/richie-anderson-1.html
Chidi Ahanotu,AhanCh20,http://www.pro-football-reference.com/players/A/AhanCh20.htm,
Dave Hoffmann,HoffDa20,http://www.pro-football-reference.com/players/H/HoffDa20.htm,http://www.sports-reference.com/cfb/players/dave-hoffmann-1.html
Greg Jeffries,JeffGr21,http://www.pro-football-reference.com/players/J/JeffGr21.htm,
Tom Scott,ScotTo20,http://www.pro-football-reference.com/players/S/ScotTo20.htm,
Deral Boykin,BoykDe20,http://www.pro-football-reference.com/players/B/BoykDe20.htm,http://www.sports-reference.com/cfb/players/deral-boykin-1.html
Scott Davis,DaviSc21,http://www.pro-football-reference.com/players/D/DaviSc21.htm,
Mitch Lyons,LyonMi00,http://www.pro-football-reference.com/players/L/LyonMi00.htm,http://www.sports-reference.com/cfb/players/mitch-lyons-1.html
Paul Hutchins,HutcPa20,http://www.pro-football-reference.com/players/H/HutcPa20.htm,
Rich McKenzie,McKeRi20,http://www.pro-football-reference.com/players/M/McKeRi20.htm,
Melvin Bonner,BonnMe20,http://www.pro-football-reference.com/players/B/BonnMe20.htm,http://www.sports-reference.com/cfb/players/melvin-bonner-1.html
Darryl Morrison,MorrDa20,http://www.pro-football-reference.com/players/M/MorrDa20.htm,
Tim Watson,WatsTi20,http://www.pro-football-reference.com/players/W/WatsTi20.htm,
Carlos Etheredge,EtheCa20,http://www.pro-football-reference.com/players/E/EtheCa20.htm,http://www.sports-reference.com/cfb/players/carlos-etheredge-1.html
Chuck Bradley,BradCh20,http://www.pro-football-reference.com/players/B/BradCh20.htm,
Darius Turner,,http://www.pro-football-reference.com,http://www.sports-reference.com/cfb/players/darius-turner-1.html
Frank Wycheck,WychFr00,http://www.pro-football-reference.com/players/W/WychFr00.htm,http://www.sports-reference.com/cfb/players/frank-wycheck-1.html
Eric Castle,CastEr20,http://www.pro-football-reference.com/players/C/CastEr20.htm,
Willie Williams,WillWi21,http://www.pro-football-reference.com/players/W/WillWi21.htm,
Derrick Oden,OdenDe20,http://www.pro-football-reference.com/players/O/OdenDe20.htm,
Robert O'Neal,ONeaRo20,http://www.pro-football-reference.com/players/O/ONeaRo20.htm,
Ronnie Dixon,DixoRo20,http://www.pro-football-reference.com/players/D/DixoRo20.htm,
Chris Dalman,DalmCh20,http://www.pro-football-reference.com/players/D/DalmCh20.htm,
Corbin Lacina,LaciCo20,http://www.pro-football-reference.com/players/L/LaciCo20.htm,
Barry Minter,MintBa20,http://www.pro-football-reference.com/players/M/MintBa20.htm,
Player,,http://www.pro-football-reference.com,
Clarence Williams,WillCl21,http://www.pro-football-reference.com/players/W/WillCl21.htm,http://www.sports-reference.com/cfb/players/clarence-williams-2.html
Michael McCrary,McCrMi00,http://www.pro-football-reference.com/players/M/McCrMi00.htm,
Alec Millen,,http://www.pro-football-reference.com,
Will White,,http://www.pro-football-reference.com,http://www.sports-reference.com/cfb/players/will-white-1.html
Keshon Johnson,JohnKe27,http://www.pro-football-reference.com/players/J/JohnKe27.htm,
Ty Hallock,HallTy00,http://www.pro-football-reference.com/players/H/HallTy00.htm,http://www.sports-reference.com/cfb/players/ty-hallock-1.html
Lance Gunn,GunnLa20,http://www.pro-football-reference.com/players/G/GunnLa20.htm,
Tyree Davis,DaviTy20,http://www.pro-football-reference.com/players/D/DaviTy20.htm,
Todd Peterson,petertod01,http://www.pro-football-reference.com/players/P/petertod01.htm,
Darnell Walker,WalkDa20,http://www.pro-football-reference.com/players/W/WalkDa20.htm,
Brad Fichtel,FichBr20,http://www.pro-football-reference.com/players/F/FichBr20.htm,
Travis Hill,HillTr20,http://www.pro-football-reference.com/players/H/HillTr20.htm,
Greg Biekert,BiekGr20,http://www.pro-football-reference.com/players/B/BiekGr20.htm,
Tony Kimbrough,KimbTo00,http://www.pro-football-reference.com/players/K/KimbTo00.htm,
Bob Kuberski,KubeBo20,http://www.pro-football-reference.com/players/K/KubeBo20.htm,
Lance Lewis,,http://www.pro-football-reference.com,http://www.sports-reference.com/cfb/players/lance-lewis-2.html
Jeff Zgonina,ZgonJe20,http://www.pro-football-reference.com/players/Z/ZgonJe20.htm,http://www.sports-reference.com/cfb/players/jeff-zgonina-1.html
Danan Hughes,HughDa00,http://www.pro-football-reference.com/players/H/HughDa00.htm,http://www.sports-reference.com/cfb/players/danan-hughes-1.html
Patrick Robinson,RobiPa20,http://www.pro-football-reference.com/players/R/RobiPa20.htm,
Doug Miller,MillDo23,http://www.pro-football-reference.com/players/M/MillDo23.htm,
Craig Keith,KeitCr20,http://www.pro-football-reference.com/players/K/KeitCr20.htm,
Joey Mickey,MickJo20,http://www.pro-football-reference.com/players/M/MickJo20.htm,http://www.sports-reference.com/cfb/players/joey-mickey-1.html
David Merritt,MerrDa20,http://www.pro-football-reference.com/players/M/MerrDa20.htm,
Gino Torretta,ToreGi00,http://www.pro-football-reference.com/players/T/ToreGi00.htm,http://www.sports-reference.com/cfb/players/gino-torretta-1.html
Othello Henderson,HendOt20,http://www.pro-football-reference.com/players/H/HendOt20.htm,
Troy Wilson,WilsTr21,http://www.pro-football-reference.com/players/W/WilsTr21.htm,
Willie Harris,,http://www.pro-football-reference.com,http://www.sports-reference.com/cfb/players/willie-harris-3.html
Brock Marion,MariBr00,http://www.pro-football-reference.com/players/M/MariBr00.htm,
Player,,http://www.pro-football-reference.com,
Jeff Blackshear,BlacJe20,http://www.pro-football-reference.com/players/B/BlacJe20.htm,
Troy Brown,BrowTr00,http://www.pro-football-reference.com/players/B/BrowTr00.htm,
Chad Brown,BrowCh20,http://www.pro-football-reference.com/players/B/BrowCh20.htm,
Craig Hentrich,hentrcra01,http://www.pro-football-reference.com/players/H/hentrcra01.htm,http://www.sports-reference.com/cfb/players/craig-hentrich-1.html
Kevin Miniefield,MiniKe20,http://www.pro-football-reference.com/players/M/MiniKe20.htm,
Doug Pelfrey,pelfrdou01,http://www.pro-football-reference.com/players/P/pelfrdou01.htm,
Dave Thomas,ThomDa21,http://www.pro-football-reference.com/players/T/ThomDa21.htm,
Antonio Edwards,EdwaAn20,http://www.pro-football-reference.com/players/E/EdwaAn20.htm,
Shannon Baker,BakeSh20,http://www.pro-football-reference.com/players/B/BakeSh20.htm,http://www.sports-reference.com/cfb/players/shannon-baker-1.html
Jeff Buffaloe,,http://www.pro-football-reference.com,http://www.sports-reference.com/cfb/players/jeff-buffaloe-1.html
Jessie Armstead,ArmsJe00,http://www.pro-football-reference.com/players/A/ArmsJe00.htm,
Greg Robinson,RobiGr00,http://www.pro-football-reference.com/players/R/RobiGr00.htm,
Maa Tanuvasa,TanuMa20,http://www.pro-football-reference.com/players/T/TanuMa20.htm,
Brian Stablein,StabBr00,http://www.pro-football-reference.com/players/S/StabBr00.htm,http://www.sports-reference.com/cfb/players/brian-stablein-1.html
Marquise Thomas,,http://www.pro-football-reference.com,
Lamont Hollinquest,HollLa20,http://www.pro-football-reference.com/players/H/HollLa20.htm,
Reggie Givens,GiveRe20,http://www.pro-football-reference.com/players/G/GiveRe20.htm,
Blaine Bishop,BishBl00,http://www.pro-football-reference.com/players/B/BishBl00.htm,
Stevie Anderson,AndeSt00,http://www.pro-football-reference.com/players/A/AndeSt00.htm,
Alex Van Pelt,VanPAl00,http://www.pro-football-reference.com/players/V/VanPAl00.htm,http://www.sports-reference.com/cfb/players/alex-van-pelt-1.html
Doug Skene,SkenDo20,http://www.pro-football-reference.com/players/S/SkenDo20.htm,
Dwayne Gordon,GordDw20,http://www.pro-football-reference.com/players/G/GordDw20.htm,
Elvis Grbac,GrbaEl00,http://www.pro-football-reference.com/players/G/GrbaEl00.htm,http://www.sports-reference.com/cfb/players/elvis-grbac-1.html
Darrick Branch,,http://www.pro-football-reference.com,http://www.sports-reference.com/cfb/players/darrick-branch-1.html
Jon Kirksey,KirkJo20,http://www.pro-football-reference.com/players/K/KirkJo20.htm,
Trent Green,GreeTr00,http://www.pro-football-reference.com/players/G/GreeTr00.htm,http://www.sports-reference.com/cfb/players/trent-green-1.html
Chris Luneberg,,http://www.pro-football-reference.com,
Daron Alcorn,,http://www.pro-football-reference.com,http://www.sports-reference.com/cfb/players/daron-alcorn-1.html
Dan Wilkinson,WilkDa22,http://www.pro-football-reference.com/players/W/WilkDa22.htm,http://www.sports-reference.com/cfb/players/dan-wilkinson-1.html
Marshall Faulk,FaulMa00,http://www.pro-football-reference.com/players/F/FaulMa00.htm,http://www.sports-reference.com/cfb/players/marshall-faulk-1.html
Heath Shuler,ShulHe00,http://www.pro-football-reference.com/players/S/ShulHe00.htm,http://www.sports-reference.com/cfb/players/heath-shuler-1.html
Willie McGinest,McGiWi00,http://www.pro-football-reference.com/players/M/McGiWi00.htm,
Trev Alberts,AlbeTr20,http://www.pro-football-reference.com/players/A/AlbeTr20.htm,http://www.sports-reference.com/cfb/players/trev-alberts-1.html
Trent Dilfer,DilfTr00,http://www.pro-football-reference.com/players/D/DilfTr00.htm,http://www.sports-reference.com/cfb/players/trent-dilfer-1.html
Bryant Young,YounBr00,http://www.pro-football-reference.com/players/Y/YounBr00.htm,
Sam Adams,AdamSa00,http://www.pro-football-reference.com/players/A/AdamSa00.htm,http://www.sports-reference.com/cfb/players/sam-adams-1.html
Antonio Langham,LangAn20,http://www.pro-football-reference.com/players/L/LangAn20.htm,http://www.sports-reference.com/cfb/players/antonio-langham-1.html
Jamir Miller,MillJa01,http://www.pro-football-reference.com/players/M/MillJa01.htm,http://www.sports-reference.com/cfb/players/jamir-miller-1.html
John Thierry,ThieJo20,http://www.pro-football-reference.com/players/T/ThieJo20.htm,
Aaron Glenn,GlenAa00,http://www.pro-football-reference.com/players/G/GlenAa00.htm,http://www.sports-reference.com/cfb/players/aaron-glenn-1.html
Joe Johnson,JohnJo04,http://www.pro-football-reference.com/players/J/JohnJo04.htm,
Bernard Williams,WillBe21,http://www.pro-football-reference.com/players/W/WillBe21.htm,
Wayne Gandy,GandWa20,http://www.pro-football-reference.com/players/G/GandWa20.htm,http://www.sports-reference.com/cfb/players/wayne-gandy-1.html
Aaron Taylor,TaylAa20,http://www.pro-football-reference.com/players/T/TaylAa20.htm,http://www.sports-reference.com/cfb/players/aaron-taylor-1.html
Charles Johnson,JohnCh00,http://www.pro-football-reference.com/players/J/JohnCh00.htm,http://www.sports-reference.com/cfb/players/charles-e-johnson-1.html
Dewayne Washington,WashDe20,http://www.pro-football-reference.com/players/W/WashDe20.htm,
Todd Steussie,SteuTo00,http://www.pro-football-reference.com/players/S/SteuTo00.htm,
Tim Bowens,BoweTi00,http://www.pro-football-reference.com/players/B/BoweTi00.htm,
Johnnie Morton,MortJo00,http://www.pro-football-reference.com/players/M/MortJo00.htm,http://www.sports-reference.com/cfb/players/johnnie-morton-1.html
Rob Fredrickson,FredRo20,http://www.pro-football-reference.com/players/F/FredRo20.htm,
Shante Carver,CarvSh20,http://www.pro-football-reference.com/players/C/CarvSh20.htm,
Thomas Lewis,LewiTh00,http://www.pro-football-reference.com/players/L/LewiTh00.htm,http://www.sports-reference.com/cfb/players/thomas-lewis-1.html
Greg Hill,HillGr00,http://www.pro-football-reference.com/players/H/HillGr00.htm,http://www.sports-reference.com/cfb/players/greg-hill-4.html
Henry Ford,FordHe21,http://www.pro-football-reference.com/players/F/FordHe21.htm,
Jeff Burris,BurrJe20,http://www.pro-football-reference.com/players/B/BurrJe20.htm,http://www.sports-reference.com/cfb/players/jeff-burris-1.html
William Floyd,FloyWi00,http://www.pro-football-reference.com/players/F/FloyWi00.htm,http://www.sports-reference.com/cfb/players/william-floyd-1.html
Derrick Alexander,AlexDe00,http://www.pro-football-reference.com/players/A/AlexDe00.htm,http://www.sports-reference.com/cfb/players/derrick-alexander-1.html
Player,,http://www.pro-football-reference.com,
Darnay Scott,ScotDa00,http://www.pro-football-reference.com/players/S/ScotDa00.htm,http://www.sports-reference.com/cfb/players/darnay-scott-1.html
Tre' Johnson,JohnTr03,http://www.pro-football-reference.com/players/J/JohnTr03.htm,
Eric Mahlum,MahlEr20,http://www.pro-football-reference.com/players/M/MahlEr20.htm,http://www.sports-reference.com/cfb/players/eric-mahlum-1.html
Isaac Bruce,BrucIs00,http://www.pro-football-reference.com/players/B/BrucIs00.htm,http://www.sports-reference.com/cfb/players/isaac-bruce-1.html
Errict Rhett,RhetEr00,http://www.pro-football-reference.com/players/R/RhetEr00.htm,http://www.sports-reference.com/cfb/players/errict-rhett-1.html
Kevin Lee,LeexKe00,http://www.pro-football-reference.com/players/L/LeexKe00.htm,http://www.sports-reference.com/cfb/players/kevin-lee-1.html
Kevin Mawae,MawaKe00,http://www.pro-football-reference.com/players/M/MawaKe00.htm,
Bruce Walker,WalkBr22,http://www.pro-football-reference.com/players/W/WalkBr22.htm,
Chuck Levy,LevyCh00,http://www.pro-football-reference.com/players/L/LevyCh00.htm,http://www.sports-reference.com/cfb/players/chuck-levy-1.html
Marcus Spears,SpeaMa20,http://www.pro-football-reference.com/players/S/SpeaMa20.htm,
David Palmer,PalmDa00,http://www.pro-football-reference.com/players/P/PalmDa00.htm,http://www.sports-reference.com/cfb/players/david-palmer-2.html
Ryan Yarborough,YarbRy00,http://www.pro-football-reference.com/players/Y/YarbRy00.htm,http://www.sports-reference.com/cfb/players/ryan-yarborough-1.html
Charlie Garner,GarnCh00,http://www.pro-football-reference.com/players/G/GarnCh00.htm,http://www.sports-reference.com/cfb/players/charlie-garner-1.html
Isaac Davis,DaviIs20,http://www.pro-football-reference.com/players/D/DaviIs20.htm,http://www.sports-reference.com/cfb/players/isaac-davis-1.html
Mario Bates,BateMa00,http://www.pro-football-reference.com/players/B/BateMa00.htm,http://www.sports-reference.com/cfb/players/mario-bates-1.html
Bert Emanuel,EmanBe00,http://www.pro-football-reference.com/players/E/EmanBe00.htm,http://www.sports-reference.com/cfb/players/bert-emanuel-1.html
Larry Allen,AlleLa00,http://www.pro-football-reference.com/players/A/AlleLa00.htm,
Thomas Randolph,RandTh20,http://www.pro-football-reference.com/players/R/RandTh20.htm,
Bucky Brooks,BrooBu20,http://www.pro-football-reference.com/players/B/BrooBu20.htm,http://www.sports-reference.com/cfb/players/bucky-brooks-1.html
Toby Wright,WrigTo20,http://www.pro-football-reference.com/players/W/WrigTo20.htm,
Brentson Buckner,BuckBr20,http://www.pro-football-reference.com/players/B/BuckBr20.htm,
Allen Aldridge,AldrAl21,http://www.pro-football-reference.com/players/A/AldrAl21.htm,
James Folston,FolsJa20,http://www.pro-football-reference.com/players/F/FolsJa20.htm,
Kevin Mitchell,MitcKe21,http://www.pro-football-reference.com/players/M/MitcKe21.htm,
Aubrey Beavers,BeavAu20,http://www.pro-football-reference.com/players/B/BeavAu20.htm,
Fernando Smith,SmitFe20,http://www.pro-football-reference.com/players/S/SmitFe20.htm,
Brad Ottis,OttiBr20,http://www.pro-football-reference.com/players/O/OttiBr20.htm,
Van Malone,MaloVa20,http://www.pro-football-reference.com/players/M/MaloVa20.htm,
Donnell Bennett,BennDo00,http://www.pro-football-reference.com/players/B/BennDo00.htm,http://www.sports-reference.com/cfb/players/donnell-bennett-1.html
Jason Sehorn,SehoJa20,http://www.pro-football-reference.com/players/S/SehoJa20.htm,
Jeremy Nunley,NunlJe20,http://www.pro-football-reference.com/players/N/NunlJe20.htm,http://www.sports-reference.com/cfb/players/jeremy-nunley-1.html
Lonnie Johnson,JohnLo00,http://www.pro-football-reference.com/players/J/JohnLo00.htm,http://www.sports-reference.com/cfb/players/lonnie-johnson-2.html
Tyronne Drakeford,DrakTy20,http://www.pro-football-reference.com/players/D/DrakTy20.htm,
Vaughn Parker,ParkVa20,http://www.pro-football-reference.com/players/P/ParkVa20.htm,http://www.sports-reference.com/cfb/players/vaughn-parker-1.html
Sam Rogers,RogeSa20,http://www.pro-football-reference.com/players/R/RogeSa20.htm,
Tim Ruddy,RuddTi20,http://www.pro-football-reference.com/players/R/RuddTi20.htm,
Player,,http://www.pro-football-reference.com,
Jeff Cothran,CothJe00,http://www.pro-football-reference.com/players/C/CothJe00.htm,http://www.sports-reference.com/cfb/players/jeff-cothran-1.html
Jason Mathews,MathJa21,http://www.pro-football-reference.com/players/M/MathJa21.htm,
Tydus Winans,WinaTy00,http://www.pro-football-reference.com/players/W/WinaTy00.htm,http://www.sports-reference.com/cfb/players/tydus-winans-1.html
Harold Bishop,BishHa00,http://www.pro-football-reference.com/players/B/BishHa00.htm,http://www.sports-reference.com/cfb/players/harold-bishop-1.html
Andre Coleman,ColeAn00,http://www.pro-football-reference.com/players/C/ColeAn00.htm,http://www.sports-reference.com/cfb/players/andre-coleman-1.html
Keith Lyle,LyleKe20,http://www.pro-football-reference.com/players/L/LyleKe20.htm,
Anthony Phillips,PhilAn20,http://www.pro-football-reference.com/players/P/PhilAn20.htm,
Lamar Smith,SmitLa00,http://www.pro-football-reference.com/players/S/SmitLa00.htm,http://www.sports-reference.com/cfb/players/lamar-smith-2.html
Jim Flanigan,FlanJi21,http://www.pro-football-reference.com/players/F/FlanJi21.htm,
Romeo Bandison,BandRo20,http://www.pro-football-reference.com/players/B/BandRo20.htm,
Rich Braham,BrahRi20,http://www.pro-football-reference.com/players/B/BrahRi20.htm,
Joe Panos,PanoJo20,http://www.pro-football-reference.com/players/P/PanoJo20.htm,
Ervin Collier,,http://www.pro-football-reference.com,
Winfred Tubbs,TubbWi20,http://www.pro-football-reference.com/players/T/TubbWi20.htm,http://www.sports-reference.com/cfb/players/winfred-tubbs-1.html
Calvin Jones,JoneCa00,http://www.pro-football-reference.com/players/J/JoneCa00.htm,http://www.sports-reference.com/cfb/players/calvin-jones-3.html
Marlo Perry,PerrMa21,http://www.pro-football-reference.com/players/P/PerrMa21.htm,
Willie Clark,ClarWi20,http://www.pro-football-reference.com/players/C/ClarWi20.htm,http://www.sports-reference.com/cfb/players/willie-clark-3.html
James Bostic,BostJa00,http://www.pro-football-reference.com/players/B/BostJa00.htm,http://www.sports-reference.com/cfb/players/james-bostic-1.html
LeShon Johnson,JohnLe01,http://www.pro-football-reference.com/players/J/JohnLe01.htm,http://www.sports-reference.com/cfb/players/leshon-johnson-1.html
Doug Brien,briendou01,http://www.pro-football-reference.com/players/B/briendou01.htm,
Steve Shine,,http://www.pro-football-reference.com,http://www.sports-reference.com/cfb/players/steve-shine-1.html
Cory Fleming,FlemCo20,http://www.pro-football-reference.com/players/F/FlemCo20.htm,http://www.sports-reference.com/cfb/players/cory-fleming-2.html
Jason Gildon,GildJa00,http://www.pro-football-reference.com/players/G/GildJa00.htm,
Eric England,EnglEr20,http://www.pro-football-reference.com/players/E/EnglEr20.htm,
Joe Burch,,http://www.pro-football-reference.com,
Bam Morris,MorrBa00,http://www.pro-football-reference.com/players/M/MorrBa00.htm,http://www.sports-reference.com/cfb/players/bam-morris-1.html
Lake Dawson,DawsLa01,http://www.pro-football-reference.com/players/D/DawsLa01.htm,http://www.sports-reference.com/cfb/players/lake-dawson-1.html
Shane Bonham,BonhSh20,http://www.pro-football-reference.com/players/B/BonhSh20.htm,
Lou Benfatti,BenfLo20,http://www.pro-football-reference.com/players/B/BenfLo20.htm,
Gary Downs,DownGa00,http://www.pro-football-reference.com/players/D/DownGa00.htm,http://www.sports-reference.com/cfb/players/gary-downs-1.html
Chris Penn,PennCh00,http://www.pro-football-reference.com/players/P/PennCh00.htm,http://www.sports-reference.com/cfb/players/chris-penn-1.html
Joe Patton,PattJo21,http://www.pro-football-reference.com/players/P/PattJo21.htm,
Corey Louchiey,LoucCo20,http://www.pro-football-reference.com/players/L/LoucCo20.htm,
Alai Kalaniuvalu,,http://www.pro-football-reference.com,
Ernest Jones,JoneEr20,http://www.pro-football-reference.com/players/J/JoneEr20.htm,
Malcolm Floyd,FloyMa01,http://www.pro-football-reference.com/players/F/FloyMa01.htm,http://www.sports-reference.com/cfb/players/malcolm-seabron-1.html
George Hegamin,HegaGe20,http://www.pro-football-reference.com/players/H/HegaGe20.htm,
Eric Zomalt,ZomaEr20,http://www.pro-football-reference.com/players/Z/ZomaEr20.htm,
Player,,http://www.pro-football-reference.com,
Corey Sawyer,SawyCo20,http://www.pro-football-reference.com/players/S/SawyCo20.htm,http://www.sports-reference.com/cfb/players/corey-sawyer-1.html
Kurt Haws,HawsKu20,http://www.pro-football-reference.com/players/H/HawsKu20.htm,http://www.sports-reference.com/cfb/players/kurt-haws-1.html
Bradford Banta,BantBr00,http://www.pro-football-reference.com/players/B/BantBr00.htm,http://www.sports-reference.com/cfb/players/bradford-banta-1.html
Perry Carter,CartPe20,http://www.pro-football-reference.com/players/C/CartPe20.htm,
Chris Brantley,BranCh00,http://www.pro-football-reference.com/players/B/BranCh00.htm,http://www.sports-reference.com/cfb/players/chris-brantley-2.html
Willie Jackson,JackWi00,http://www.pro-football-reference.com/players/J/JackWi00.htm,http://www.sports-reference.com/cfb/players/willie-jackson-3.html
Larry Whigham,WhigLa00,http://www.pro-football-reference.com/players/W/WhigLa00.htm,
Perry Klein,KleiPe20,http://www.pro-football-reference.com/players/K/KleiPe20.htm,http://www.sports-reference.com/cfb/players/perry-klein-1.html
Ronnie Woolfork,,http://www.pro-football-reference.com,
John Reece,ReecJo20,http://www.pro-football-reference.com/players/R/ReecJo20.htm,
Raymont Harris,HarrRa00,http://www.pro-football-reference.com/players/H/HarrRa00.htm,http://www.sports-reference.com/cfb/players/raymont-harris-1.html
Terry Irving,IrviTe21,http://www.pro-football-reference.com/players/I/IrviTe21.htm,
Doug Nussmeier,NussDo00,http://www.pro-football-reference.com/players/N/NussDo00.htm,
Orlando Parker,ParkOr20,http://www.pro-football-reference.com/players/P/ParkOr20.htm,
Mitch Davis,,http://www.pro-football-reference.com,http://www.sports-reference.com/cfb/players/mitch-davis-1.html
Mike Davis,DaviMi21,http://www.pro-football-reference.com/players/D/DaviMi21.htm,
Austin Robbins,RobbAu20,http://www.pro-football-reference.com/players/R/RobbAu20.htm,
John Burke,BurkJo00,http://www.pro-football-reference.com/players/B/BurkJo00.htm,http://www.sports-reference.com/cfb/players/john-burke-1.html
Ta'ase Faumui,FaumTa20,http://www.pro-football-reference.com/players/F/FaumTa20.htm,
Randy Fuller,FullRa20,http://www.pro-football-reference.com/players/F/FullRa20.htm,
Vaughn Bryant,,http://www.pro-football-reference.com,http://www.sports-reference.com/cfb/players/vaughn-bryant-1.html
Mike Wells,WellMi23,http://www.pro-football-reference.com/players/W/WellMi23.htm,
Gabe Wilkins,WilkGa20,http://www.pro-football-reference.com/players/W/WilkGa20.htm,
Bracy Walker,WalkBr20,http://www.pro-football-reference.com/players/W/WalkBr20.htm,http://www.sports-reference.com/cfb/players/bracey-walker-1.html
Chris Maumalanga,MaumCh20,http://www.pro-football-reference.com/players/M/MaumCh20.htm,
Sean Jackson,,http://www.pro-football-reference.com,http://www.sports-reference.com/cfb/players/sean-jackson-1.html
Sean Crocker,,http://www.pro-football-reference.com,http://www.sports-reference.com/cfb/players/sean-crocker-1.html
DeWayne Dotson,DotsDe20,http://www.pro-football-reference.com/players/D/DotsDe20.htm,
Player,,http://www.pro-football-reference.com,
Trent Pollard,PollTr20,http://www.pro-football-reference.com/players/P/PollTr20.htm,
John Covington,CoviJo20,http://www.pro-football-reference.com/players/C/CoviJo20.htm,
Shelly Hammonds,HammSh20,http://www.pro-football-reference.com/players/H/HammSh20.htm,http://www.sports-reference.com/cfb/players/shelly-hammonds-1.html
Pat O'Neill,oneilpat01,http://www.pro-football-reference.com/players/O/oneilpat01.htm,
Pete Pierson,PierPe20,http://www.pro-football-reference.com/players/P/PierPe20.htm,
Aaron Laing,LainAa00,http://www.pro-football-reference.com/players/L/LainAa00.htm,http://www.sports-reference.com/cfb/players/aaron-laing-1.html
Harrison Houston,,http://www.pro-football-reference.com,http://www.sports-reference.com/cfb/players/harrison-houston-1.html
Anthony Redmon,RedmAn20,http://www.pro-football-reference.com/players/R/RedmAn20.htm,
Myron Bell,BellMy20,http://www.pro-football-reference.com/players/B/BellMy20.htm,
Issac Booth,BootIs20,http://www.pro-football-reference.com/players/B/BootIs20.htm,
Herman Carroll,CarrHe21,http://www.pro-football-reference.com/players/C/CarrHe21.htm,
Craig Novitsky,NoviCr20,http://www.pro-football-reference.com/players/N/NoviCr20.htm,
Marvin Goodwin,,http://www.pro-football-reference.com,http://www.sports-reference.com/cfb/players/marvin-goodwin-1.html
Rodney Harrison,HarrRo01,http://www.pro-football-reference.com/players/H/HarrRo01.htm,
Terry Mickens,MickTe00,http://www.pro-football-reference.com/players/M/MickTe00.htm,
William Gaines,GainWi20,http://www.pro-football-reference.com/players/G/GainWi20.htm,
Gary Brown,BrowGa20,http://www.pro-football-reference.com/players/B/BrowGa20.htm,
Dorsey Levens,LeveDo00,http://www.pro-football-reference.com/players/L/LeveDo00.htm,http://www.sports-reference.com/cfb/players/dorsey-levens-1.html
Darren Krein,,http://www.pro-football-reference.com,
James Burton,BurtJa20,http://www.pro-football-reference.com/players/B/BurtJa20.htm,
Horace Morris,,http://www.pro-football-reference.com,
Tony Peterson,PeteTo20,http://www.pro-football-reference.com/players/P/PeteTo20.htm,
Tony Semple,SempTo20,http://www.pro-football-reference.com/players/S/SempTo20.htm,
Chad Bratzke,BratCh20,http://www.pro-football-reference.com/players/B/BratCh20.htm,
Rob Waldrop,WaldRo20,http://www.pro-football-reference.com/players/W/WaldRo20.htm,http://www.sports-reference.com/cfb/players/rob-waldrop-1.html
Roderick Lewis,LewiRo00,http://www.pro-football-reference.com/players/L/LewiRo00.htm,http://www.sports-reference.com/cfb/players/roderick-lewis-1.html
A.J. Ofodile,OfodA.00,http://www.pro-football-reference.com/players/O/OfodA.00.htm,http://www.sports-reference.com/cfb/players/aj-ofodile-1.html
Roosevelt Patterson,,http://www.pro-football-reference.com,
Tony Vinson,VinsTo00,http://www.pro-football-reference.com/players/V/VinsTo00.htm,http://www.sports-reference.com/cfb/players/tony-vinson-1.html
Jim Reid,ReidJi20,http://www.pro-football-reference.com/players/R/ReidJi20.htm,
Player,,http://www.pro-football-reference.com,
Kimo von Oelhoffen,vonOKi20,http://www.pro-football-reference.com/players/V/vonOKi20.htm,
Dexter Nottage,NottDe20,http://www.pro-football-reference.com/players/N/NottDe20.htm,
Lamont Warren,WarrLa00,http://www.pro-football-reference.com/players/W/WarrLa00.htm,http://www.sports-reference.com/cfb/players/lamont-warren-1.html
Bernard Carter,CartBe20,http://www.pro-football-reference.com/players/C/CartBe20.htm,
Steve Hawkins,HawkSt20,http://www.pro-football-reference.com/players/H/HawkSt20.htm,
Rickey Brady,BradRi20,http://www.pro-football-reference.com/players/B/BradRi20.htm,http://www.sports-reference.com/cfb/players/rickey-brady-1.html
Max Lane,LaneMa20,http://www.pro-football-reference.com/players/L/LaneMa20.htm,http://www.sports-reference.com/cfb/players/max-lane-1.html
Jay Kearney,,http://www.pro-football-reference.com,http://www.sports-reference.com/cfb/players/jay-kearney-1.html
Lloyd Hill,,http://www.pro-football-reference.com,http://www.sports-reference.com/cfb/players/lloyd-hill-1.html
Robert Strait,,http://www.pro-football-reference.com,http://www.sports-reference.com/cfb/players/robert-strait-1.html
Terry Samuels,SamuTe20,http://www.pro-football-reference.com/players/S/SamuTe20.htm,http://www.sports-reference.com/cfb/players/terry-samuels-1.html
Fred Lester,,http://www.pro-football-reference.com,
Ryan McCoy,,http://www.pro-football-reference.com,
Ruffin Hamilton,HamiRu20,http://www.pro-football-reference.com/players/H/HamiRu20.htm,
Derrell Mitchell,MitcDe00,http://www.pro-football-reference.com/players/M/MitcDe00.htm,http://www.sports-reference.com/cfb/players/derrell-mitchell-1.html
Brant Boyer,BoyeBr20,http://www.pro-football-reference.com/players/B/BoyeBr20.htm,
Jim Miller,MillJi00,http://www.pro-football-reference.com/players/M/MillJi00.htm,http://www.sports-reference.com/cfb/players/jim-miller-7.html
Andrew Jordan,JordAn00,http://www.pro-football-reference.com/players/J/JordAn00.htm,
Eric Ravotti,RavoEr20,http://www.pro-football-reference.com/players/R/RavoEr20.htm,
Bill Schroeder,SchrBi00,http://www.pro-football-reference.com/players/S/SchrBi00.htm,
Lee Woodall,WoodLe00,http://www.pro-football-reference.com/players/W/WoodLe00.htm,
Jocelyn Borgella,BorgJo20,http://www.pro-football-reference.com/players/B/BorgJo20.htm,
Jerry Reynolds,ReynJe20,http://www.pro-football-reference.com/players/R/ReynJe20.htm,
Anthony Daigle,DaigAn20,http://www.pro-football-reference.com/players/D/DaigAn20.htm,http://www.sports-reference.com/cfb/players/anthony-daigle-1.html
Jason Winrow,,http://www.pro-football-reference.com,
Lee Gissendaner,,http://www.pro-football-reference.com,http://www.sports-reference.com/cfb/players/lee-gissendaner-1.html
Anthony Abrams,,http://www.pro-football-reference.com,
Ronald Edwards,,http://www.pro-football-reference.com,
Paul Duckworth,,http://www.pro-football-reference.com,
Darren Studstill,StudDa21,http://www.pro-football-reference.com/players/S/StudDa21.htm,http://www.sports-reference.com/cfb/players/darren-studstill-1.html
Kevin Knox,KnoxKe20,http://www.pro-football-reference.com/players/K/KnoxKe20.htm,http://www.sports-reference.com/cfb/players/kevin-knox-1.html
Mitch Berger,BergMi20,http://www.pro-football-reference.com/players/B/BergMi20.htm,http://www.sports-reference.com/cfb/players/mitch-berger-1.html
Barron Wortham,WortBa20,http://www.pro-football-reference.com/players/W/WortBa20.htm,http://www.sports-reference.com/cfb/players/barron-wortham-1.html
Player,,http://www.pro-football-reference.com,
Ramondo Stallings,StalRa20,http://www.pro-football-reference.com/players/S/StalRa20.htm,
Lance Teichelman,TeicLa20,http://www.pro-football-reference.com/players/T/TeicLa20.htm,
Gus Frerotte,FrerGu00,http://www.pro-football-reference.com/players/F/FrerGu00.htm,http://www.sports-reference.com/cfb/players/gus-frerotte-1.html
Jay Walker,WalkJa22,http://www.pro-football-reference.com/players/W/WalkJa22.htm,http://www.sports-reference.com/cfb/players/jay-walker-1.html
Steve Matthews,MattSt00,http://www.pro-football-reference.com/players/M/MattSt00.htm,http://www.sports-reference.com/cfb/players/steve-matthews-1.html
Jim Pyne,PyneJi20,http://www.pro-football-reference.com/players/P/PyneJi20.htm,http://www.sports-reference.com/cfb/players/jim-pyne-1.html
Jamal Anderson,AndeJa00,http://www.pro-football-reference.com/players/A/AndeJa00.htm,http://www.sports-reference.com/cfb/players/jamal-anderson-1.html
Carlester Crumpler,CrumCa00,http://www.pro-football-reference.com/players/C/CrumCa00.htm,http://www.sports-reference.com/cfb/players/carlester-crumpler-1.html
Andre Hewitt,,http://www.pro-football-reference.com,
Frank Harvey,HarvFr20,http://www.pro-football-reference.com/players/H/HarvFr20.htm,http://www.sports-reference.com/cfb/players/frank-harvey-1.html
Dennis Collier,,http://www.pro-football-reference.com,http://www.sports-reference.com/cfb/players/dennis-collier-1.html
Mark Montgomery,,http://www.pro-football-reference.com,http://www.sports-reference.com/cfb/players/mark-montgomery-2.html
Zane Beehn,,http://www.pro-football-reference.com,
Glenn Foley,FoleGl00,http://www.pro-football-reference.com/players/F/FoleGl00.htm,http://www.sports-reference.com/cfb/players/glenn-foley-1.html
Brice Abrams,,http://www.pro-football-reference.com,http://www.sports-reference.com/cfb/players/brice-abrams-1.html
Keith Burns,BurnKe21,http://www.pro-football-reference.com/players/B/BurnKe21.htm,
Pete Bercich,BercPe20,http://www.pro-football-reference.com/players/B/BercPe20.htm,
Butler By'not'e,BynoBu20,http://www.pro-football-reference.com/players/B/BynoBu20.htm,http://www.sports-reference.com/cfb/players/butler-bynote-1.html
Lance Lundberg,,http://www.pro-football-reference.com,
Sean Hill,HillSe20,http://www.pro-football-reference.com/players/H/HillSe20.htm,
Tom Beer,BeerTo20,http://www.pro-football-reference.com/players/B/BeerTo20.htm,
Toddrick McIntosh,McInTo20,http://www.pro-football-reference.com/players/M/McInTo20.htm,
Rob Holmberg,HolmRo20,http://www.pro-football-reference.com/players/H/HolmRo20.htm,http://www.sports-reference.com/cfb/players/rob-holmberg-1.html
Tom Nalen,NaleTo00,http://www.pro-football-reference.com/players/N/NaleTo00.htm,http://www.sports-reference.com/cfb/players/tom-nalen-1.html
Tracy Greene,GreeTr01,http://www.pro-football-reference.com/players/G/GreeTr01.htm,
Lemanski Hall,HallLe20,http://www.pro-football-reference.com/players/H/HallLe20.htm,
Filmel Johnson,JohnFi20,http://www.pro-football-reference.com/players/J/JohnFi20.htm,
Marty Moore,MoorMa23,http://www.pro-football-reference.com/players/M/MoorMa23.htm,
